{
    "seed_42": [
        1.1,
        -0.9
    ],
    "seed_111": [
        3.0999999999999996
    ],
    "seed_101": [
        2.099999999999999
    ]
}